股票代码,股票简称,日期
300816,艾可蓝,2026-01-12
301378,通达海,2026-01-12
300349,金卡智能,2026-01-12
300342,天银机电,2026-01-12
300785,值得买,2026-01-12
300987,川网传媒,2026-01-12
301079,邵阳液压,2026-01-12
301066,万事利,2026-01-12
300291,百纳千成,2026-01-12
300711,广哈通信,2026-01-12
301159,三维天地,2026-01-12
300364,中文在线,2026-01-12
300170,汉得信息,2026-01-12
300058,蓝色光标,2026-01-12
300830,金现代,2026-01-12
300229,拓尔思,2026-01-12
301093,华兰股份,2026-01-12
300435,中泰股份,2026-01-12
301248,杰创智能,2026-01-12
300045,华力创通,2026-01-12
300520,科大国创,2026-01-12
300624,万兴科技,2026-01-12
300792,壹网壹创,2026-01-12
301231,荣信文化,2026-01-12
300766,每日互动,2026-01-12
300071,福石控股,2026-01-12
300253,卫宁健康,2026-01-12
300409,道氏技术,2026-01-12
